id,name,url
75340147,350org/ak_intl_v3,https://api.github.com/repos/350org/ak_intl_v3
525526680,yousabu/ansible_rhce,https://api.github.com/repos/yousabu/ansible_rhce
512700417,morpho-dao/morpho-utils,https://api.github.com/repos/morpho-dao/morpho-utils
525851446,BR-Junior/crud-com-vue-e-quasar,https://api.github.com/repos/BR-Junior/crud-com-vue-e-quasar
505029866,predictcrypto/pins,https://api.github.com/repos/predictcrypto/pins
525845306,kazukimikami/reservation,https://api.github.com/repos/kazukimikami/reservation
274724694,dendronhq/dendron,https://api.github.com/repos/dendronhq/dendron
523780252,tiller1010/silverstripe-spam-module,https://api.github.com/repos/tiller1010/silverstripe-spam-module
524701461,sozysozbot/mikanos,https://api.github.com/repos/sozysozbot/mikanos
164541747,moiify/AutoGreen,https://api.github.com/repos/moiify/AutoGreen
524655561,Callithrix-omics/Callithrix-omics.github.io,https://api.github.com/repos/Callithrix-omics/Callithrix-omics.github.io
264221410,datho7561/quarkus-ls,https://api.github.com/repos/datho7561/quarkus-ls
472789273,Sooktoring/Sooktoring-Android,https://api.github.com/repos/Sooktoring/Sooktoring-Android
487950724,edwardzuniga/holbertonschool-higher_level_programming,https://api.github.com/repos/edwardzuniga/holbertonschool-higher_level_programming
432870871,livepeer/explorer,https://api.github.com/repos/livepeer/explorer
523780252,tiller1010/silverstripe-spam-module,https://api.github.com/repos/tiller1010/silverstripe-spam-module
525845966,Mahalderk/CV,https://api.github.com/repos/Mahalderk/CV
522475355,markbush/Smalltalk-80-CompilerLib,https://api.github.com/repos/markbush/Smalltalk-80-CompilerLib
280075452,product-os/jellyfish-worker,https://api.github.com/repos/product-os/jellyfish-worker
524300625,chengzhong001/cpp-examples,https://api.github.com/repos/chengzhong001/cpp-examples
502695999,kybru91/vscode-languageserver-node,https://api.github.com/repos/kybru91/vscode-languageserver-node
381424857,fathozt/MyProject,https://api.github.com/repos/fathozt/MyProject
525860418,ibrahimalangri/KUn,https://api.github.com/repos/ibrahimalangri/KUn
507821009,web-application-app/gigosRate,https://api.github.com/repos/web-application-app/gigosRate
525800293,DmytroKova/TUTORIAL,https://api.github.com/repos/DmytroKova/TUTORIAL
55965971,brianway/algorithms-learning,https://api.github.com/repos/brianway/algorithms-learning
266811533,wizche/lema-observatory,https://api.github.com/repos/wizche/lema-observatory
406699027,adamsorbie/Stroke_Microbiota_reproducibility,https://api.github.com/repos/adamsorbie/Stroke_Microbiota_reproducibility
501154542,justbecoder/react-router-middleware-plus,https://api.github.com/repos/justbecoder/react-router-middleware-plus
239809522,stolostron/search-e2e-test,https://api.github.com/repos/stolostron/search-e2e-test
