id,avatar_url,display_login,gravatar_id,login,url
44167236,https://avatars.githubusercontent.com/u/44167236?,evilgaoshu,"",evilgaoshu,https://api.github.com/users/evilgaoshu
111333037,https://avatars.githubusercontent.com/u/111333037?,gurram47,"",gurram47,https://api.github.com/users/gurram47
65502770,https://avatars.githubusercontent.com/u/65502770?,afbeltranr,"",afbeltranr,https://api.github.com/users/afbeltranr
99458559,https://avatars.githubusercontent.com/u/99458559?,karla-vm,"",karla-vm,https://api.github.com/users/karla-vm
3787410,https://avatars.githubusercontent.com/u/3787410?,hsluoyz,"",hsluoyz,https://api.github.com/users/hsluoyz
11596368,https://avatars.githubusercontent.com/u/11596368?,mnw1020,"",mnw1020,https://api.github.com/users/mnw1020
82401504,https://avatars.githubusercontent.com/u/82401504?,ikjo93,"",ikjo93,https://api.github.com/users/ikjo93
60316309,https://avatars.githubusercontent.com/u/60316309?,Gabe616,"",Gabe616,https://api.github.com/users/Gabe616
37953029,https://avatars.githubusercontent.com/u/37953029?,BadProfessor,"",BadProfessor,https://api.github.com/users/BadProfessor
28701858,https://avatars.githubusercontent.com/u/28701858?,allanrg4,"",allanrg4,https://api.github.com/users/allanrg4
22668539,https://avatars.githubusercontent.com/u/22668539?,QGarchery,"",QGarchery,https://api.github.com/users/QGarchery
111433069,https://avatars.githubusercontent.com/u/111433069?,Diyouf,"",Diyouf,https://api.github.com/users/Diyouf
100686237,https://avatars.githubusercontent.com/u/100686237?,tiltingpenguin,"",tiltingpenguin,https://api.github.com/users/tiltingpenguin
111448530,https://avatars.githubusercontent.com/u/111448530?,igrek-ovs,"",igrek-ovs,https://api.github.com/users/igrek-ovs
86944161,https://avatars.githubusercontent.com/u/86944161?,cchanmi,"",cchanmi,https://api.github.com/users/cchanmi
10712109,https://avatars.githubusercontent.com/u/10712109?,mvashishtha,"",mvashishtha,https://api.github.com/users/mvashishtha
368735,https://avatars.githubusercontent.com/u/368735?,na4zagin3,"",na4zagin3,https://api.github.com/users/na4zagin3
55003092,https://avatars.githubusercontent.com/u/55003092?,xsidc,"",xsidc,https://api.github.com/users/xsidc
17953978,https://avatars.githubusercontent.com/u/17953978?,kkukelka,"",kkukelka,https://api.github.com/users/kkukelka
94136524,https://avatars.githubusercontent.com/u/94136524?,Sidalvik,"",Sidalvik,https://api.github.com/users/Sidalvik
13433317,https://avatars.githubusercontent.com/u/13433317?,qJkee,"",qJkee,https://api.github.com/users/qJkee
10712109,https://avatars.githubusercontent.com/u/10712109?,mvashishtha,"",mvashishtha,https://api.github.com/users/mvashishtha
37929162,https://avatars.githubusercontent.com/u/37929162?,mergify,"",mergify[bot],https://api.github.com/users/mergify[bot]
44158642,https://avatars.githubusercontent.com/u/44158642?,exqlnet,"",exqlnet,https://api.github.com/users/exqlnet
19955562,https://avatars.githubusercontent.com/u/19955562?,lindseyburnett,"",lindseyburnett,https://api.github.com/users/lindseyburnett
111345762,https://avatars.githubusercontent.com/u/111345762?,wwwuuid2com28,"",wwwuuid2com28,https://api.github.com/users/wwwuuid2com28
30538765,https://avatars.githubusercontent.com/u/30538765?,signcla-test-unsigned,"",signcla-test-unsigned,https://api.github.com/users/signcla-test-unsigned
8517910,https://avatars.githubusercontent.com/u/8517910?,LombiqBot,"",LombiqBot,https://api.github.com/users/LombiqBot
109001160,https://avatars.githubusercontent.com/u/109001160?,HARPHUNA,"",HARPHUNA,https://api.github.com/users/HARPHUNA
686971,https://avatars.githubusercontent.com/u/686971?,khurtwilliams,"",khurtwilliams,https://api.github.com/users/khurtwilliams
